<?xml version="1.0" encoding="UTF-8"?>
<!DOCTYPE mapper PUBLIC "-//mybatis.org//DTD Mapper 3.0//EN" "http://mybatis.org/dtd/mybatis-3-mapper.dtd">

<mapper namespace="com.mybatis.mapper.faqMapper">
	<resultMap type="kh.sellermoon.admin.vo.FaqVO" id="faqMap"></resultMap>
	
	<select id="faqList" parameterType="map" resultType="java.util.Map">
		SELECT faq_no, admin_id, faq_category, faq_title, faq_content, faq_write_date, faq_view_count
		FROM	tb_faq
		
		<where>
	  		<if test='faq_no != null'>
			 and faq_no = #{faq_no}
	  		</if>
			<if test='gubun!=null and gubun.equals("faq_no")'>
				and faq_no = #{keyword}
			</if>	 
			<if test='gubun!=null and gubun.equals("faq_title")'>
				and faq_title like '%'||#{keyword}||'%'
			</if>	 
			<if test='gubun!=null and gubun.equals("faq_category")'>
				and faq_category like '%'||#{keyword}||'%'
			</if>		  		
		</where>
		
		ORDER BY faq_no desc
	</select> 
	
	<insert id="faqInsert" parameterType="map">
    	INSERT into tb_faq(faq_no, admin_id, faq_category, faq_title, faq_content, faq_write_date) 
    	VALUES (seq_faq_no.nextval,#{admin_id},#{faq_category},#{faq_title}
    			,#{faq_content},to_char(sysdate,'yyyy.mm.dd'))
    </insert>
    
    <update id="faqUpdate" parameterType="map">
		UPDATE tb_faq
		   SET faq_category = #{faq_category}
		      ,faq_title = #{faq_title}
		      ,faq_content = #{faq_content}
		 WHERE faq_no = #{faq_no}
	</update>
	
	<delete id="faqDelete" parameterType="map">
		DELETE from tb_faq
		 WHERE faq_no = #{faq_no}
	</delete>
	
	<update id="viewCount" parameterType="map">
		UPDATE tb_faq
		   SET faq_view_count = faq_view_count + 1
		 WHERE faq_no = #{faq_no}
	</update>

</mapper>	