<?xml version="1.0" encoding="UTF-8"?>
<!DOCTYPE mapper PUBLIC "-//mybatis.org//DTD Mapper 3.0//EN" "http://mybatis.org/dtd/mybatis-3-mapper.dtd">

<mapper namespace="com.mybatis.mapper.noticeMapper">
	<resultMap type="kh.sellermoon.admin.vo.NoticeVO" id="noticeMap"></resultMap>
	
	<select id="noticeList" parameterType="map" resultType="java.util.Map">
		SELECT notice_no, admin_id, notice_title, notice_content, notice_hit
				, notice_category, notice_regdate,notice_file
		FROM	tb_notice
		
		<where>
	  		<if test='notice_no != null'>
			 and notice_no = #{notice_no}
	  		</if>
			<if test='gubun!=null and gubun.equals("notice_no")'>
				AND notice_no = #{keyword}
			</if>	 
			<if test='gubun!=null and gubun.equals("notice_title")'>
				AND notice_title LIKE '%'||#{keyword}||'%'
			</if>	 
			<if test='gubun!=null and gubun.equals("notice_category")'>
				AND notice_category LIKE '%'||#{keyword}||'%'
			</if>		  		
		</where>
		
		ORDER BY notice_no desc
	</select> 
	
	<insert id="noticeInsert" parameterType="map">
    	INSERT INTO tb_notice(notice_no,admin_id,notice_title,notice_content,notice_category,notice_regdate,notice_file) 
    	VALUES(seq_notice_no.nextval,#{admin_id},#{notice_title},#{notice_content}
    			,#{notice_category},to_char(sysdate,'yyyy.mm.dd'),#{notice_file,jdbcType=VARCHAR})
    </insert>
    
    <update id="noticeUpdate" parameterType="map">
		UPDATE tb_notice
		   SET notice_title = #{notice_title}
		      ,notice_category = #{notice_category}
		      ,notice_content = #{notice_content}
		 WHERE notice_no = #{notice_no}
	</update>
	
	<delete id="noticeDelete" parameterType="map">
		DELETE FROM tb_notice
		 WHERE notice_no = #{notice_no}
	</delete>
	
	<update id="hitCount" parameterType="map">
		UPDATE tb_notice
		   SET notice_hit = notice_hit + 1
		 WHERE notice_no = #{notice_no}
	</update>

</mapper>	