<?xml version="1.0" encoding="UTF-8"?>
<!DOCTYPE mapper PUBLIC "-//mybatis.org//DTD Mapper 3.0//EN" "http://mybatis.org/dtd/mybatis-3-mapper.dtd">

<mapper namespace="com.mybatis.mapper.pointMapper">
	<resultMap type="kh.sellermoon.admin.vo.PointVO" id="pointMap"></resultMap>
	
	<select id="pointList" parameterType="map" resultType="java.util.Map">
		SELECT point_no, point_date, point_used_saved, member_no
				, sum(POINT_USED_SAVED) OVER (PARTITION BY member_no) as point_sum
				, DECODE(point_type, 0, '회원가입적립', 1, '추천인기입', 2, '주문적립'
       			, 3, '상품후기등록', 4, '베스트후기선정', 5, '적립금사용') as point_type
		FROM	tb_point
		
		<where>
	  		<if test='member_no != null'>
			 and member_no = #{member_no}
	  		</if>
			<if test='gubun!=null and gubun.equals("point_no")'>
				and point_no = #{keyword}
			</if>	 
			<if test='gubun!=null and gubun.equals("member_no")'>
				and member_no = #{keyword}
			</if>	 
			<if test='gubun!=null and gubun.equals("point_type")'>
				and point_type like '%'||#{keyword}||'%'
			</if>		  		
		</where>
		
		ORDER BY point_no desc
	</select>
	
	<select id="myPoint" parameterType="map" resultType="java.util.Map">
		SELECT DISTINCT sum(POINT_USED_SAVED) OVER (PARTITION BY member_no) as point_sum
		FROM	tb_point
		WHERE	member_no = #{member_no}
	</select>  
	
	<insert id="pointInsert" parameterType="map">
    	INSERT INTO tb_point(point_no, point_date, point_used_saved, member_no, point_type)
    	VALUES (seq_tb_point_no.nextval,to_char(sysdate,'yyyy.mm.dd')
    			,#{point_used_saved},#{member_no}, #{point_type})
    </insert>
    
    <update id="pointUpdate" parameterType="map">
		UPDATE tb_point
		   SET point_type = #{point_type}
		      ,point_used_saved = #{point_used_saved}
		 WHERE point_no = #{point_no}
	</update>
	
	<delete id="pointDelete" parameterType="map">
		DELETE from tb_point
		 WHERE point_no = #{point_no}
	</delete>

</mapper>	